事发街道,事发区县,月份,立案量,年份,均值,方差,数据量,出线,日期
白纸坊,西城区,-01-,69,2015,1226.875,1912.279865,48,0,Jan-15
白纸坊,西城区,-02-,91,2015,1226.875,1912.279865,48,0,Feb-15
白纸坊,西城区,-03-,101,2015,1226.875,1912.279865,48,0,Mar-15
白纸坊,西城区,-04-,62,2015,1226.875,1912.279865,48,0,Apr-15
白纸坊,西城区,-05-,65,2015,1226.875,1912.279865,48,0,May-15
白纸坊,西城区,-06-,59,2015,1226.875,1912.279865,48,0,Jun-15
白纸坊,西城区,-07-,41,2015,1226.875,1912.279865,48,0,Jul-15
白纸坊,西城区,-08-,73,2015,1226.875,1912.279865,48,0,Aug-15
白纸坊,西城区,-09-,43,2015,1226.875,1912.279865,48,0,Sep-15
白纸坊,西城区,-10-,51,2015,1226.875,1912.279865,48,0,Oct-15
白纸坊,西城区,-11-,49,2015,1226.875,1912.279865,48,0,Nov-15
白纸坊,西城区,-12-,29,2015,1226.875,1912.279865,48,0,Dec-15
白纸坊,西城区,-01-,13,2016,1226.875,1912.279865,48,0,Jan-16
白纸坊,西城区,-02-,10,2016,1226.875,1912.279865,48,0,Feb-16
白纸坊,西城区,-03-,16,2016,1226.875,1912.279865,48,0,Mar-16
白纸坊,西城区,-04-,5,2016,1226.875,1912.279865,48,0,Apr-16
白纸坊,西城区,-05-,10,2016,1226.875,1912.279865,48,0,May-16
白纸坊,西城区,-06-,15,2016,1226.875,1912.279865,48,0,Jun-16
白纸坊,西城区,-07-,9,2016,1226.875,1912.279865,48,0,Jul-16
白纸坊,西城区,-08-,30,2016,1226.875,1912.279865,48,0,Aug-16
白纸坊,西城区,-09-,22,2016,1226.875,1912.279865,48,0,Sep-16
白纸坊,西城区,-10-,16,2016,1226.875,1912.279865,48,0,Oct-16
白纸坊,西城区,-11-,22,2016,1226.875,1912.279865,48,0,Nov-16
白纸坊,西城区,-12-,15,2016,1226.875,1912.279865,48,0,Dec-16
白纸坊,西城区,-01-,16,2017,1226.875,1912.279865,48,0,Jan-17
白纸坊,西城区,-02-,43,2017,1226.875,1912.279865,48,0,Feb-17
白纸坊,西城区,-03-,33,2017,1226.875,1912.279865,48,0,Mar-17
白纸坊,西城区,-04-,35,2017,1226.875,1912.279865,48,0,Apr-17
白纸坊,西城区,-05-,59,2017,1226.875,1912.279865,48,0,May-17
白纸坊,西城区,-06-,88,2017,1226.875,1912.279865,48,0,Jun-17
白纸坊,西城区,-07-,101,2017,1226.875,1912.279865,48,0,Jul-17
白纸坊,西城区,-08-,220,2017,1226.875,1912.279865,48,0,Aug-17
白纸坊,西城区,-09-,393,2017,1226.875,1912.279865,48,0,Sep-17
白纸坊,西城区,-10-,1142,2017,1226.875,1912.279865,48,0,Oct-17
白纸坊,西城区,-11-,1768,2017,1226.875,1912.279865,48,0,Nov-17
白纸坊,西城区,-12-,2757,2017,1226.875,1912.279865,48,0,Dec-17
白纸坊,西城区,-01-,3266,2018,1226.875,1912.279865,48,0,Jan-18
白纸坊,西城区,-02-,2702,2018,1226.875,1912.279865,48,0,Feb-18
白纸坊,西城区,-03-,3843,2018,1226.875,1912.279865,48,0,Mar-18
白纸坊,西城区,-04-,2979,2018,1226.875,1912.279865,48,0,Apr-18
白纸坊,西城区,-05-,3652,2018,1226.875,1912.279865,48,0,May-18
白纸坊,西城区,-06-,3986,2018,1226.875,1912.279865,48,0,Jun-18
白纸坊,西城区,-07-,4904,2018,1226.875,1912.279865,48,0,Jul-18
白纸坊,西城区,-08-,5448,2018,1226.875,1912.279865,48,2,Aug-18
白纸坊,西城区,-09-,6208,2018,1226.875,1912.279865,48,2,Sep-18
白纸坊,西城区,-10-,5135,2018,1226.875,1912.279865,48,2,Oct-18
白纸坊,西城区,-11-,4437,2018,1226.875,1912.279865,48,0,Nov-18
白纸坊,西城区,-12-,4759,2018,1226.875,1912.279865,48,0,Dec-18
朝外,朝阳区,-01-,76,2015,177,73.8638771,48,0,Jan-15
朝外,朝阳区,-02-,198,2015,177,73.8638771,48,0,Feb-15
朝外,朝阳区,-03-,252,2015,177,73.8638771,48,0,Mar-15
朝外,朝阳区,-04-,223,2015,177,73.8638771,48,0,Apr-15
朝外,朝阳区,-05-,132,2015,177,73.8638771,48,0,May-15
朝外,朝阳区,-06-,72,2015,177,73.8638771,48,0,Jun-15
朝外,朝阳区,-07-,87,2015,177,73.8638771,48,0,Jul-15
朝外,朝阳区,-08-,140,2015,177,73.8638771,48,0,Aug-15
朝外,朝阳区,-09-,146,2015,177,73.8638771,48,0,Sep-15
朝外,朝阳区,-10-,148,2015,177,73.8638771,48,0,Oct-15
朝外,朝阳区,-11-,232,2015,177,73.8638771,48,0,Nov-15
朝外,朝阳区,-12-,187,2015,177,73.8638771,48,0,Dec-15
朝外,朝阳区,-01-,129,2016,177,73.8638771,48,0,Jan-16
朝外,朝阳区,-02-,126,2016,177,73.8638771,48,0,Feb-16
朝外,朝阳区,-03-,145,2016,177,73.8638771,48,0,Mar-16
朝外,朝阳区,-04-,174,2016,177,73.8638771,48,0,Apr-16
朝外,朝阳区,-05-,142,2016,177,73.8638771,48,0,May-16
朝外,朝阳区,-06-,141,2016,177,73.8638771,48,0,Jun-16
朝外,朝阳区,-07-,60,2016,177,73.8638771,48,0,Jul-16
朝外,朝阳区,-08-,119,2016,177,73.8638771,48,0,Aug-16
朝外,朝阳区,-09-,119,2016,177,73.8638771,48,0,Sep-16
朝外,朝阳区,-10-,22,2016,177,73.8638771,48,-2,Oct-16
朝外,朝阳区,-11-,156,2016,177,73.8638771,48,0,Nov-16
朝外,朝阳区,-12-,257,2016,177,73.8638771,48,0,Dec-16
朝外,朝阳区,-01-,220,2017,177,73.8638771,48,0,Jan-17
朝外,朝阳区,-02-,156,2017,177,73.8638771,48,0,Feb-17
朝外,朝阳区,-03-,285,2017,177,73.8638771,48,0,Mar-17
朝外,朝阳区,-04-,334,2017,177,73.8638771,48,2,Apr-17
朝外,朝阳区,-05-,381,2017,177,73.8638771,48,2,May-17
朝外,朝阳区,-06-,228,2017,177,73.8638771,48,0,Jun-17
朝外,朝阳区,-07-,192,2017,177,73.8638771,48,0,Jul-17
朝外,朝阳区,-08-,166,2017,177,73.8638771,48,0,Aug-17
朝外,朝阳区,-09-,230,2017,177,73.8638771,48,0,Sep-17
朝外,朝阳区,-10-,338,2017,177,73.8638771,48,2,Oct-17
朝外,朝阳区,-11-,241,2017,177,73.8638771,48,0,Nov-17
朝外,朝阳区,-12-,176,2017,177,73.8638771,48,0,Dec-17
朝外,朝阳区,-01-,180,2018,177,73.8638771,48,0,Jan-18
朝外,朝阳区,-02-,128,2018,177,73.8638771,48,0,Feb-18
朝外,朝阳区,-03-,168,2018,177,73.8638771,48,0,Mar-18
朝外,朝阳区,-04-,246,2018,177,73.8638771,48,0,Apr-18
朝外,朝阳区,-05-,291,2018,177,73.8638771,48,0,May-18
朝外,朝阳区,-06-,199,2018,177,73.8638771,48,0,Jun-18
朝外,朝阳区,-07-,210,2018,177,73.8638771,48,0,Jul-18
朝外,朝阳区,-08-,140,2018,177,73.8638771,48,0,Aug-18
朝外,朝阳区,-09-,127,2018,177,73.8638771,48,0,Sep-18
朝外,朝阳区,-10-,149,2018,177,73.8638771,48,0,Oct-18
朝外,朝阳区,-11-,129,2018,177,73.8638771,48,0,Nov-18
朝外,朝阳区,-12-,99,2018,177,73.8638771,48,0,Dec-18
朝阳门,东城区,-01-,9,2015,23.1875,23.07495303,48,0,Jan-15
朝阳门,东城区,-02-,7,2015,23.1875,23.07495303,48,0,Feb-15
朝阳门,东城区,-03-,25,2015,23.1875,23.07495303,48,0,Mar-15
朝阳门,东城区,-04-,14,2015,23.1875,23.07495303,48,0,Apr-15
朝阳门,东城区,-05-,12,2015,23.1875,23.07495303,48,0,May-15
朝阳门,东城区,-06-,11,2015,23.1875,23.07495303,48,0,Jun-15
朝阳门,东城区,-07-,15,2015,23.1875,23.07495303,48,0,Jul-15
朝阳门,东城区,-08-,18,2015,23.1875,23.07495303,48,0,Aug-15
朝阳门,东城区,-09-,19,2015,23.1875,23.07495303,48,0,Sep-15
朝阳门,东城区,-10-,20,2015,23.1875,23.07495303,48,0,Oct-15
朝阳门,东城区,-11-,11,2015,23.1875,23.07495303,48,0,Nov-15
朝阳门,东城区,-12-,20,2015,23.1875,23.07495303,48,0,Dec-15
朝阳门,东城区,-01-,8,2016,23.1875,23.07495303,48,0,Jan-16
朝阳门,东城区,-02-,12,2016,23.1875,23.07495303,48,0,Feb-16
朝阳门,东城区,-03-,28,2016,23.1875,23.07495303,48,0,Mar-16
朝阳门,东城区,-04-,34,2016,23.1875,23.07495303,48,0,Apr-16
朝阳门,东城区,-05-,28,2016,23.1875,23.07495303,48,0,May-16
朝阳门,东城区,-06-,14,2016,23.1875,23.07495303,48,0,Jun-16
朝阳门,东城区,-07-,15,2016,23.1875,23.07495303,48,0,Jul-16
朝阳门,东城区,-08-,13,2016,23.1875,23.07495303,48,0,Aug-16
朝阳门,东城区,-09-,9,2016,23.1875,23.07495303,48,0,Sep-16
朝阳门,东城区,-10-,11,2016,23.1875,23.07495303,48,0,Oct-16
朝阳门,东城区,-11-,10,2016,23.1875,23.07495303,48,0,Nov-16
朝阳门,东城区,-12-,3,2016,23.1875,23.07495303,48,0,Dec-16
朝阳门,东城区,-01-,26,2017,23.1875,23.07495303,48,0,Jan-17
朝阳门,东城区,-02-,13,2017,23.1875,23.07495303,48,0,Feb-17
朝阳门,东城区,-03-,23,2017,23.1875,23.07495303,48,0,Mar-17
朝阳门,东城区,-04-,34,2017,23.1875,23.07495303,48,0,Apr-17
朝阳门,东城区,-05-,28,2017,23.1875,23.07495303,48,0,May-17
朝阳门,东城区,-06-,71,2017,23.1875,23.07495303,48,2,Jun-17
朝阳门,东城区,-07-,49,2017,23.1875,23.07495303,48,0,Jul-17
朝阳门,东城区,-08-,39,2017,23.1875,23.07495303,48,0,Aug-17
朝阳门,东城区,-09-,52,2017,23.1875,23.07495303,48,0,Sep-17
朝阳门,东城区,-10-,52,2017,23.1875,23.07495303,48,0,Oct-17
朝阳门,东城区,-11-,137,2017,23.1875,23.07495303,48,3,Nov-17
朝阳门,东城区,-12-,72,2017,23.1875,23.07495303,48,2,Dec-17
朝阳门,东城区,-01-,24,2018,23.1875,23.07495303,48,0,Jan-18
朝阳门,东城区,-02-,7,2018,23.1875,23.07495303,48,0,Feb-18
朝阳门,东城区,-03-,19,2018,23.1875,23.07495303,48,0,Mar-18
朝阳门,东城区,-04-,22,2018,23.1875,23.07495303,48,0,Apr-18
朝阳门,东城区,-05-,13,2018,23.1875,23.07495303,48,0,May-18
朝阳门,东城区,-06-,9,2018,23.1875,23.07495303,48,0,Jun-18
朝阳门,东城区,-07-,10,2018,23.1875,23.07495303,48,0,Jul-18
朝阳门,东城区,-08-,9,2018,23.1875,23.07495303,48,0,Aug-18
朝阳门,东城区,-09-,11,2018,23.1875,23.07495303,48,0,Sep-18
朝阳门,东城区,-10-,4,2018,23.1875,23.07495303,48,0,Oct-18
朝阳门,东城区,-11-,9,2018,23.1875,23.07495303,48,0,Nov-18
朝阳门,东城区,-12-,14,2018,23.1875,23.07495303,48,0,Dec-18
大红门,丰台区,-01-,4,2015,41.52083333,32.509239,48,0,Jan-15
大红门,丰台区,-02-,7,2015,41.52083333,32.509239,48,0,Feb-15
大红门,丰台区,-03-,15,2015,41.52083333,32.509239,48,0,Mar-15
大红门,丰台区,-04-,10,2015,41.52083333,32.509239,48,0,Apr-15
大红门,丰台区,-05-,13,2015,41.52083333,32.509239,48,0,May-15
大红门,丰台区,-06-,11,2015,41.52083333,32.509239,48,0,Jun-15
大红门,丰台区,-07-,25,2015,41.52083333,32.509239,48,0,Jul-15
大红门,丰台区,-08-,11,2015,41.52083333,32.509239,48,0,Aug-15
大红门,丰台区,-09-,17,2015,41.52083333,32.509239,48,0,Sep-15
大红门,丰台区,-10-,10,2015,41.52083333,32.509239,48,0,Oct-15
大红门,丰台区,-11-,8,2015,41.52083333,32.509239,48,0,Nov-15
大红门,丰台区,-12-,9,2015,41.52083333,32.509239,48,0,Dec-15
大红门,丰台区,-01-,11,2016,41.52083333,32.509239,48,0,Jan-16
大红门,丰台区,-02-,12,2016,41.52083333,32.509239,48,0,Feb-16
大红门,丰台区,-03-,14,2016,41.52083333,32.509239,48,0,Mar-16
大红门,丰台区,-04-,13,2016,41.52083333,32.509239,48,0,Apr-16
大红门,丰台区,-05-,10,2016,41.52083333,32.509239,48,0,May-16
大红门,丰台区,-06-,12,2016,41.52083333,32.509239,48,0,Jun-16
大红门,丰台区,-07-,31,2016,41.52083333,32.509239,48,0,Jul-16
大红门,丰台区,-08-,35,2016,41.52083333,32.509239,48,0,Aug-16
大红门,丰台区,-09-,36,2016,41.52083333,32.509239,48,0,Sep-16
大红门,丰台区,-10-,31,2016,41.52083333,32.509239,48,0,Oct-16
大红门,丰台区,-11-,22,2016,41.52083333,32.509239,48,0,Nov-16
大红门,丰台区,-12-,114,2016,41.52083333,32.509239,48,2,Dec-16
大红门,丰台区,-01-,34,2017,41.52083333,32.509239,48,0,Jan-17
大红门,丰台区,-02-,39,2017,41.52083333,32.509239,48,0,Feb-17
大红门,丰台区,-03-,38,2017,41.52083333,32.509239,48,0,Mar-17
大红门,丰台区,-04-,24,2017,41.52083333,32.509239,48,0,Apr-17
大红门,丰台区,-05-,77,2017,41.52083333,32.509239,48,0,May-17
大红门,丰台区,-06-,77,2017,41.52083333,32.509239,48,0,Jun-17
大红门,丰台区,-07-,57,2017,41.52083333,32.509239,48,0,Jul-17
大红门,丰台区,-08-,66,2017,41.52083333,32.509239,48,0,Aug-17
大红门,丰台区,-09-,74,2017,41.52083333,32.509239,48,0,Sep-17
大红门,丰台区,-10-,85,2017,41.52083333,32.509239,48,0,Oct-17
大红门,丰台区,-11-,73,2017,41.52083333,32.509239,48,0,Nov-17
大红门,丰台区,-12-,62,2017,41.52083333,32.509239,48,0,Dec-17
大红门,丰台区,-01-,31,2018,41.52083333,32.509239,48,0,Jan-18
大红门,丰台区,-02-,35,2018,41.52083333,32.509239,48,0,Feb-18
大红门,丰台区,-03-,75,2018,41.52083333,32.509239,48,0,Mar-18
大红门,丰台区,-04-,46,2018,41.52083333,32.509239,48,0,Apr-18
大红门,丰台区,-05-,59,2018,41.52083333,32.509239,48,0,May-18
大红门,丰台区,-06-,49,2018,41.52083333,32.509239,48,0,Jun-18
大红门,丰台区,-07-,37,2018,41.52083333,32.509239,48,0,Jul-18
大红门,丰台区,-08-,69,2018,41.52083333,32.509239,48,0,Aug-18
大红门,丰台区,-09-,70,2018,41.52083333,32.509239,48,0,Sep-18
大红门,丰台区,-10-,98,2018,41.52083333,32.509239,48,0,Oct-18
大红门,丰台区,-11-,142,2018,41.52083333,32.509239,48,3,Nov-18
大红门,丰台区,-12-,95,2018,41.52083333,32.509239,48,0,Dec-18
大栅栏,西城区,-01-,6,2015,623.0625,671.2268351,48,0,Jan-15
大栅栏,西城区,-02-,10,2015,623.0625,671.2268351,48,0,Feb-15
大栅栏,西城区,-03-,15,2015,623.0625,671.2268351,48,0,Mar-15
大栅栏,西城区,-04-,6,2015,623.0625,671.2268351,48,0,Apr-15
大栅栏,西城区,-05-,9,2015,623.0625,671.2268351,48,0,May-15
大栅栏,西城区,-06-,9,2015,623.0625,671.2268351,48,0,Jun-15
大栅栏,西城区,-07-,7,2015,623.0625,671.2268351,48,0,Jul-15
大栅栏,西城区,-08-,22,2015,623.0625,671.2268351,48,0,Aug-15
大栅栏,西城区,-09-,25,2015,623.0625,671.2268351,48,0,Sep-15
大栅栏,西城区,-10-,29,2015,623.0625,671.2268351,48,0,Oct-15
大栅栏,西城区,-11-,21,2015,623.0625,671.2268351,48,0,Nov-15
大栅栏,西城区,-12-,22,2015,623.0625,671.2268351,48,0,Dec-15
大栅栏,西城区,-01-,13,2016,623.0625,671.2268351,48,0,Jan-16
大栅栏,西城区,-02-,34,2016,623.0625,671.2268351,48,0,Feb-16
大栅栏,西城区,-03-,26,2016,623.0625,671.2268351,48,0,Mar-16
大栅栏,西城区,-04-,75,2016,623.0625,671.2268351,48,0,Apr-16
大栅栏,西城区,-05-,95,2016,623.0625,671.2268351,48,0,May-16
大栅栏,西城区,-06-,77,2016,623.0625,671.2268351,48,0,Jun-16
大栅栏,西城区,-07-,118,2016,623.0625,671.2268351,48,0,Jul-16
大栅栏,西城区,-08-,132,2016,623.0625,671.2268351,48,0,Aug-16
大栅栏,西城区,-09-,173,2016,623.0625,671.2268351,48,0,Sep-16
大栅栏,西城区,-10-,98,2016,623.0625,671.2268351,48,0,Oct-16
大栅栏,西城区,-11-,105,2016,623.0625,671.2268351,48,0,Nov-16
大栅栏,西城区,-12-,143,2016,623.0625,671.2268351,48,0,Dec-16
大栅栏,西城区,-01-,217,2017,623.0625,671.2268351,48,0,Jan-17
大栅栏,西城区,-02-,355,2017,623.0625,671.2268351,48,0,Feb-17
大栅栏,西城区,-03-,516,2017,623.0625,671.2268351,48,0,Mar-17
大栅栏,西城区,-04-,435,2017,623.0625,671.2268351,48,0,Apr-17
大栅栏,西城区,-05-,563,2017,623.0625,671.2268351,48,0,May-17
大栅栏,西城区,-06-,659,2017,623.0625,671.2268351,48,0,Jun-17
大栅栏,西城区,-07-,1103,2017,623.0625,671.2268351,48,0,Jul-17
大栅栏,西城区,-08-,1374,2017,623.0625,671.2268351,48,0,Aug-17
大栅栏,西城区,-09-,1219,2017,623.0625,671.2268351,48,0,Sep-17
大栅栏,西城区,-10-,1231,2017,623.0625,671.2268351,48,0,Oct-17
大栅栏,西城区,-11-,958,2017,623.0625,671.2268351,48,0,Nov-17
大栅栏,西城区,-12-,1178,2017,623.0625,671.2268351,48,0,Dec-17
大栅栏,西城区,-01-,1355,2018,623.0625,671.2268351,48,0,Jan-18
大栅栏,西城区,-02-,1272,2018,623.0625,671.2268351,48,0,Feb-18
大栅栏,西城区,-03-,1818,2018,623.0625,671.2268351,48,0,Mar-18
大栅栏,西城区,-04-,1321,2018,623.0625,671.2268351,48,0,Apr-18
大栅栏,西城区,-05-,1592,2018,623.0625,671.2268351,48,0,May-18
大栅栏,西城区,-06-,1502,2018,623.0625,671.2268351,48,0,Jun-18
大栅栏,西城区,-07-,1761,2018,623.0625,671.2268351,48,0,Jul-18
大栅栏,西城区,-08-,1732,2018,623.0625,671.2268351,48,0,Aug-18
大栅栏,西城区,-09-,1693,2018,623.0625,671.2268351,48,0,Sep-18
大栅栏,西城区,-10-,1626,2018,623.0625,671.2268351,48,0,Oct-18
大栅栏,西城区,-11-,1556,2018,623.0625,671.2268351,48,0,Nov-18
大栅栏,西城区,-12-,1601,2018,623.0625,671.2268351,48,0,Dec-18
德胜,西城区,-01-,165,2015,1179.916667,1298.589559,48,0,Jan-15
德胜,西城区,-02-,138,2015,1179.916667,1298.589559,48,0,Feb-15
德胜,西城区,-03-,198,2015,1179.916667,1298.589559,48,0,Mar-15
德胜,西城区,-04-,165,2015,1179.916667,1298.589559,48,0,Apr-15
德胜,西城区,-05-,166,2015,1179.916667,1298.589559,48,0,May-15
德胜,西城区,-06-,174,2015,1179.916667,1298.589559,48,0,Jun-15
德胜,西城区,-07-,95,2015,1179.916667,1298.589559,48,0,Jul-15
德胜,西城区,-08-,175,2015,1179.916667,1298.589559,48,0,Aug-15
德胜,西城区,-09-,149,2015,1179.916667,1298.589559,48,0,Sep-15
德胜,西城区,-10-,189,2015,1179.916667,1298.589559,48,0,Oct-15
德胜,西城区,-11-,140,2015,1179.916667,1298.589559,48,0,Nov-15
德胜,西城区,-12-,204,2015,1179.916667,1298.589559,48,0,Dec-15
德胜,西城区,-01-,239,2016,1179.916667,1298.589559,48,0,Jan-16
德胜,西城区,-02-,150,2016,1179.916667,1298.589559,48,0,Feb-16
德胜,西城区,-03-,218,2016,1179.916667,1298.589559,48,0,Mar-16
德胜,西城区,-04-,215,2016,1179.916667,1298.589559,48,0,Apr-16
德胜,西城区,-05-,212,2016,1179.916667,1298.589559,48,0,May-16
德胜,西城区,-06-,194,2016,1179.916667,1298.589559,48,0,Jun-16
德胜,西城区,-07-,202,2016,1179.916667,1298.589559,48,0,Jul-16
德胜,西城区,-08-,206,2016,1179.916667,1298.589559,48,0,Aug-16
德胜,西城区,-09-,218,2016,1179.916667,1298.589559,48,0,Sep-16
德胜,西城区,-10-,211,2016,1179.916667,1298.589559,48,0,Oct-16
德胜,西城区,-11-,201,2016,1179.916667,1298.589559,48,0,Nov-16
德胜,西城区,-12-,140,2016,1179.916667,1298.589559,48,0,Dec-16
德胜,西城区,-01-,159,2017,1179.916667,1298.589559,48,0,Jan-17
德胜,西城区,-02-,129,2017,1179.916667,1298.589559,48,0,Feb-17
德胜,西城区,-03-,173,2017,1179.916667,1298.589559,48,0,Mar-17
德胜,西城区,-04-,383,2017,1179.916667,1298.589559,48,0,Apr-17
德胜,西城区,-05-,966,2017,1179.916667,1298.589559,48,0,May-17
德胜,西城区,-06-,1160,2017,1179.916667,1298.589559,48,0,Jun-17
德胜,西城区,-07-,1423,2017,1179.916667,1298.589559,48,0,Jul-17
德胜,西城区,-08-,1818,2017,1179.916667,1298.589559,48,0,Aug-17
德胜,西城区,-09-,1782,2017,1179.916667,1298.589559,48,0,Sep-17
德胜,西城区,-10-,1860,2017,1179.916667,1298.589559,48,0,Oct-17
德胜,西城区,-11-,2198,2017,1179.916667,1298.589559,48,0,Nov-17
德胜,西城区,-12-,2620,2017,1179.916667,1298.589559,48,0,Dec-17
德胜,西城区,-01-,2965,2018,1179.916667,1298.589559,48,0,Jan-18
德胜,西城区,-02-,2349,2018,1179.916667,1298.589559,48,0,Feb-18
德胜,西城区,-03-,3151,2018,1179.916667,1298.589559,48,0,Mar-18
德胜,西城区,-04-,2652,2018,1179.916667,1298.589559,48,0,Apr-18
德胜,西城区,-05-,3612,2018,1179.916667,1298.589559,48,0,May-18
德胜,西城区,-06-,3190,2018,1179.916667,1298.589559,48,0,Jun-18
德胜,西城区,-07-,3310,2018,1179.916667,1298.589559,48,0,Jul-18
德胜,西城区,-08-,3271,2018,1179.916667,1298.589559,48,0,Aug-18
德胜,西城区,-09-,3165,2018,1179.916667,1298.589559,48,0,Sep-18
德胜,西城区,-10-,3201,2018,1179.916667,1298.589559,48,0,Oct-18
德胜,西城区,-11-,3290,2018,1179.916667,1298.589559,48,0,Nov-18
德胜,西城区,-12-,3445,2018,1179.916667,1298.589559,48,0,Dec-18
东华门,东城区,-01-,46,2015,34.64583333,25.31124515,48,0,Jan-15
东华门,东城区,-02-,47,2015,34.64583333,25.31124515,48,0,Feb-15
东华门,东城区,-03-,73,2015,34.64583333,25.31124515,48,0,Mar-15
东华门,东城区,-04-,35,2015,34.64583333,25.31124515,48,0,Apr-15
东华门,东城区,-05-,36,2015,34.64583333,25.31124515,48,0,May-15
东华门,东城区,-06-,21,2015,34.64583333,25.31124515,48,0,Jun-15
东华门,东城区,-07-,21,2015,34.64583333,25.31124515,48,0,Jul-15
东华门,东城区,-08-,62,2015,34.64583333,25.31124515,48,0,Aug-15
东华门,东城区,-09-,15,2015,34.64583333,25.31124515,48,0,Sep-15
东华门,东城区,-10-,16,2015,34.64583333,25.31124515,48,0,Oct-15
东华门,东城区,-11-,20,2015,34.64583333,25.31124515,48,0,Nov-15
东华门,东城区,-12-,11,2015,34.64583333,25.31124515,48,0,Dec-15
东华门,东城区,-01-,16,2016,34.64583333,25.31124515,48,0,Jan-16
东华门,东城区,-02-,18,2016,34.64583333,25.31124515,48,0,Feb-16
东华门,东城区,-03-,25,2016,34.64583333,25.31124515,48,0,Mar-16
东华门,东城区,-04-,24,2016,34.64583333,25.31124515,48,0,Apr-16
东华门,东城区,-05-,17,2016,34.64583333,25.31124515,48,0,May-16
东华门,东城区,-06-,8,2016,34.64583333,25.31124515,48,0,Jun-16
东华门,东城区,-07-,14,2016,34.64583333,25.31124515,48,0,Jul-16
东华门,东城区,-08-,11,2016,34.64583333,25.31124515,48,0,Aug-16
东华门,东城区,-09-,13,2016,34.64583333,25.31124515,48,0,Sep-16
东华门,东城区,-10-,9,2016,34.64583333,25.31124515,48,0,Oct-16
东华门,东城区,-11-,35,2016,34.64583333,25.31124515,48,0,Nov-16
东华门,东城区,-12-,11,2016,34.64583333,25.31124515,48,0,Dec-16
东华门,东城区,-01-,43,2017,34.64583333,25.31124515,48,0,Jan-17
东华门,东城区,-02-,37,2017,34.64583333,25.31124515,48,0,Feb-17
东华门,东城区,-03-,53,2017,34.64583333,25.31124515,48,0,Mar-17
东华门,东城区,-04-,73,2017,34.64583333,25.31124515,48,0,Apr-17
东华门,东城区,-05-,74,2017,34.64583333,25.31124515,48,0,May-17
东华门,东城区,-06-,63,2017,34.64583333,25.31124515,48,0,Jun-17
东华门,东城区,-07-,90,2017,34.64583333,25.31124515,48,2,Jul-17
东华门,东城区,-08-,68,2017,34.64583333,25.31124515,48,0,Aug-17
东华门,东城区,-09-,97,2017,34.64583333,25.31124515,48,2,Sep-17
东华门,东城区,-10-,52,2017,34.64583333,25.31124515,48,0,Oct-17
东华门,东城区,-11-,74,2017,34.64583333,25.31124515,48,0,Nov-17
东华门,东城区,-12-,95,2017,34.64583333,25.31124515,48,2,Dec-17
东华门,东城区,-01-,31,2018,34.64583333,25.31124515,48,0,Jan-18
东华门,东城区,-02-,19,2018,34.64583333,25.31124515,48,0,Feb-18
东华门,东城区,-03-,25,2018,34.64583333,25.31124515,48,0,Mar-18
东华门,东城区,-04-,21,2018,34.64583333,25.31124515,48,0,Apr-18
东华门,东城区,-05-,26,2018,34.64583333,25.31124515,48,0,May-18
东华门,东城区,-06-,14,2018,34.64583333,25.31124515,48,0,Jun-18
东华门,东城区,-07-,7,2018,34.64583333,25.31124515,48,0,Jul-18
东华门,东城区,-08-,22,2018,34.64583333,25.31124515,48,0,Aug-18
东华门,东城区,-09-,22,2018,34.64583333,25.31124515,48,0,Sep-18
东华门,东城区,-10-,6,2018,34.64583333,25.31124515,48,0,Oct-18
东华门,东城区,-11-,13,2018,34.64583333,25.31124515,48,0,Nov-18
东华门,东城区,-12-,34,2018,34.64583333,25.31124515,48,0,Dec-18
广安门外,西城区,-01-,30,2015,958.6666667,1123.63675,48,0,Jan-15
广安门外,西城区,-02-,26,2015,958.6666667,1123.63675,48,0,Feb-15
广安门外,西城区,-03-,29,2015,958.6666667,1123.63675,48,0,Mar-15
广安门外,西城区,-04-,19,2015,958.6666667,1123.63675,48,0,Apr-15
广安门外,西城区,-05-,11,2015,958.6666667,1123.63675,48,0,May-15
广安门外,西城区,-06-,11,2015,958.6666667,1123.63675,48,0,Jun-15
广安门外,西城区,-07-,8,2015,958.6666667,1123.63675,48,0,Jul-15
广安门外,西城区,-08-,11,2015,958.6666667,1123.63675,48,0,Aug-15
广安门外,西城区,-09-,8,2015,958.6666667,1123.63675,48,0,Sep-15
广安门外,西城区,-10-,25,2015,958.6666667,1123.63675,48,0,Oct-15
广安门外,西城区,-11-,14,2015,958.6666667,1123.63675,48,0,Nov-15
广安门外,西城区,-12-,13,2015,958.6666667,1123.63675,48,0,Dec-15
广安门外,西城区,-01-,18,2016,958.6666667,1123.63675,48,0,Jan-16
广安门外,西城区,-02-,11,2016,958.6666667,1123.63675,48,0,Feb-16
广安门外,西城区,-03-,10,2016,958.6666667,1123.63675,48,0,Mar-16
广安门外,西城区,-04-,20,2016,958.6666667,1123.63675,48,0,Apr-16
广安门外,西城区,-05-,21,2016,958.6666667,1123.63675,48,0,May-16
广安门外,西城区,-06-,29,2016,958.6666667,1123.63675,48,0,Jun-16
广安门外,西城区,-07-,17,2016,958.6666667,1123.63675,48,0,Jul-16
广安门外,西城区,-08-,69,2016,958.6666667,1123.63675,48,0,Aug-16
广安门外,西城区,-09-,133,2016,958.6666667,1123.63675,48,0,Sep-16
广安门外,西城区,-10-,123,2016,958.6666667,1123.63675,48,0,Oct-16
广安门外,西城区,-11-,142,2016,958.6666667,1123.63675,48,0,Nov-16
广安门外,西城区,-12-,247,2016,958.6666667,1123.63675,48,0,Dec-16
广安门外,西城区,-01-,386,2017,958.6666667,1123.63675,48,0,Jan-17
广安门外,西城区,-02-,576,2017,958.6666667,1123.63675,48,0,Feb-17
广安门外,西城区,-03-,684,2017,958.6666667,1123.63675,48,0,Mar-17
广安门外,西城区,-04-,552,2017,958.6666667,1123.63675,48,0,Apr-17
广安门外,西城区,-05-,742,2017,958.6666667,1123.63675,48,0,May-17
广安门外,西城区,-06-,758,2017,958.6666667,1123.63675,48,0,Jun-17
广安门外,西城区,-07-,1248,2017,958.6666667,1123.63675,48,0,Jul-17
广安门外,西城区,-08-,1883,2017,958.6666667,1123.63675,48,0,Aug-17
广安门外,西城区,-09-,1931,2017,958.6666667,1123.63675,48,0,Sep-17
广安门外,西城区,-10-,1959,2017,958.6666667,1123.63675,48,0,Oct-17
广安门外,西城区,-11-,1702,2017,958.6666667,1123.63675,48,0,Nov-17
广安门外,西城区,-12-,2345,2017,958.6666667,1123.63675,48,0,Dec-17
广安门外,西城区,-01-,1690,2018,958.6666667,1123.63675,48,0,Jan-18
广安门外,西城区,-02-,1280,2018,958.6666667,1123.63675,48,0,Feb-18
广安门外,西城区,-03-,2518,2018,958.6666667,1123.63675,48,0,Mar-18
广安门外,西城区,-04-,2091,2018,958.6666667,1123.63675,48,0,Apr-18
广安门外,西城区,-05-,2296,2018,958.6666667,1123.63675,48,0,May-18
广安门外,西城区,-06-,2403,2018,958.6666667,1123.63675,48,0,Jun-18
广安门外,西城区,-07-,2837,2018,958.6666667,1123.63675,48,0,Jul-18
广安门外,西城区,-08-,3092,2018,958.6666667,1123.63675,48,0,Aug-18
广安门外,西城区,-09-,2930,2018,958.6666667,1123.63675,48,0,Sep-18
广安门外,西城区,-10-,3055,2018,958.6666667,1123.63675,48,0,Oct-18
广安门外,西城区,-11-,2891,2018,958.6666667,1123.63675,48,0,Nov-18
广安门外,西城区,-12-,3122,2018,958.6666667,1123.63675,48,0,Dec-18
建外,朝阳区,-01-,39,2015,111.6041667,67.59886049,48,0,Jan-15
建外,朝阳区,-02-,28,2015,111.6041667,67.59886049,48,0,Feb-15
建外,朝阳区,-03-,42,2015,111.6041667,67.59886049,48,0,Mar-15
建外,朝阳区,-04-,84,2015,111.6041667,67.59886049,48,0,Apr-15
建外,朝阳区,-05-,81,2015,111.6041667,67.59886049,48,0,May-15
建外,朝阳区,-06-,44,2015,111.6041667,67.59886049,48,0,Jun-15
建外,朝阳区,-07-,30,2015,111.6041667,67.59886049,48,0,Jul-15
建外,朝阳区,-08-,38,2015,111.6041667,67.59886049,48,0,Aug-15
建外,朝阳区,-09-,37,2015,111.6041667,67.59886049,48,0,Sep-15
建外,朝阳区,-10-,70,2015,111.6041667,67.59886049,48,0,Oct-15
建外,朝阳区,-11-,46,2015,111.6041667,67.59886049,48,0,Nov-15
建外,朝阳区,-12-,55,2015,111.6041667,67.59886049,48,0,Dec-15
建外,朝阳区,-01-,68,2016,111.6041667,67.59886049,48,0,Jan-16
建外,朝阳区,-02-,74,2016,111.6041667,67.59886049,48,0,Feb-16
建外,朝阳区,-03-,151,2016,111.6041667,67.59886049,48,0,Mar-16
建外,朝阳区,-04-,143,2016,111.6041667,67.59886049,48,0,Apr-16
建外,朝阳区,-05-,120,2016,111.6041667,67.59886049,48,0,May-16
建外,朝阳区,-06-,139,2016,111.6041667,67.59886049,48,0,Jun-16
建外,朝阳区,-07-,72,2016,111.6041667,67.59886049,48,0,Jul-16
建外,朝阳区,-08-,70,2016,111.6041667,67.59886049,48,0,Aug-16
建外,朝阳区,-09-,73,2016,111.6041667,67.59886049,48,0,Sep-16
建外,朝阳区,-10-,14,2016,111.6041667,67.59886049,48,0,Oct-16
建外,朝阳区,-11-,35,2016,111.6041667,67.59886049,48,0,Nov-16
建外,朝阳区,-12-,65,2016,111.6041667,67.59886049,48,0,Dec-16
建外,朝阳区,-01-,56,2017,111.6041667,67.59886049,48,0,Jan-17
建外,朝阳区,-02-,104,2017,111.6041667,67.59886049,48,0,Feb-17
建外,朝阳区,-03-,109,2017,111.6041667,67.59886049,48,0,Mar-17
建外,朝阳区,-04-,268,2017,111.6041667,67.59886049,48,2,Apr-17
建外,朝阳区,-05-,309,2017,111.6041667,67.59886049,48,2,May-17
建外,朝阳区,-06-,201,2017,111.6041667,67.59886049,48,0,Jun-17
建外,朝阳区,-07-,131,2017,111.6041667,67.59886049,48,0,Jul-17
建外,朝阳区,-08-,127,2017,111.6041667,67.59886049,48,0,Aug-17
建外,朝阳区,-09-,166,2017,111.6041667,67.59886049,48,0,Sep-17
建外,朝阳区,-10-,219,2017,111.6041667,67.59886049,48,0,Oct-17
建外,朝阳区,-11-,111,2017,111.6041667,67.59886049,48,0,Nov-17
建外,朝阳区,-12-,67,2017,111.6041667,67.59886049,48,0,Dec-17
建外,朝阳区,-01-,76,2018,111.6041667,67.59886049,48,0,Jan-18
建外,朝阳区,-02-,70,2018,111.6041667,67.59886049,48,0,Feb-18
建外,朝阳区,-03-,156,2018,111.6041667,67.59886049,48,0,Mar-18
建外,朝阳区,-04-,148,2018,111.6041667,67.59886049,48,0,Apr-18
建外,朝阳区,-05-,185,2018,111.6041667,67.59886049,48,0,May-18
建外,朝阳区,-06-,162,2018,111.6041667,67.59886049,48,0,Jun-18
建外,朝阳区,-07-,145,2018,111.6041667,67.59886049,48,0,Jul-18
建外,朝阳区,-08-,197,2018,111.6041667,67.59886049,48,0,Aug-18
建外,朝阳区,-09-,191,2018,111.6041667,67.59886049,48,0,Sep-18
建外,朝阳区,-10-,164,2018,111.6041667,67.59886049,48,0,Oct-18
建外,朝阳区,-11-,201,2018,111.6041667,67.59886049,48,0,Nov-18
建外,朝阳区,-12-,176,2018,111.6041667,67.59886049,48,0,Dec-18
劲松,朝阳区,-01-,105,2015,95.125,62.14383624,48,0,Jan-15
劲松,朝阳区,-02-,106,2015,95.125,62.14383624,48,0,Feb-15
劲松,朝阳区,-03-,191,2015,95.125,62.14383624,48,0,Mar-15
劲松,朝阳区,-04-,71,2015,95.125,62.14383624,48,0,Apr-15
劲松,朝阳区,-05-,48,2015,95.125,62.14383624,48,0,May-15
劲松,朝阳区,-06-,50,2015,95.125,62.14383624,48,0,Jun-15
劲松,朝阳区,-07-,54,2015,95.125,62.14383624,48,0,Jul-15
劲松,朝阳区,-08-,92,2015,95.125,62.14383624,48,0,Aug-15
劲松,朝阳区,-09-,54,2015,95.125,62.14383624,48,0,Sep-15
劲松,朝阳区,-10-,47,2015,95.125,62.14383624,48,0,Oct-15
劲松,朝阳区,-11-,61,2015,95.125,62.14383624,48,0,Nov-15
劲松,朝阳区,-12-,77,2015,95.125,62.14383624,48,0,Dec-15
劲松,朝阳区,-01-,87,2016,95.125,62.14383624,48,0,Jan-16
劲松,朝阳区,-02-,91,2016,95.125,62.14383624,48,0,Feb-16
劲松,朝阳区,-03-,84,2016,95.125,62.14383624,48,0,Mar-16
劲松,朝阳区,-04-,95,2016,95.125,62.14383624,48,0,Apr-16
劲松,朝阳区,-05-,65,2016,95.125,62.14383624,48,0,May-16
劲松,朝阳区,-06-,64,2016,95.125,62.14383624,48,0,Jun-16
劲松,朝阳区,-07-,60,2016,95.125,62.14383624,48,0,Jul-16
劲松,朝阳区,-08-,33,2016,95.125,62.14383624,48,0,Aug-16
劲松,朝阳区,-09-,66,2016,95.125,62.14383624,48,0,Sep-16
劲松,朝阳区,-10-,47,2016,95.125,62.14383624,48,0,Oct-16
劲松,朝阳区,-11-,72,2016,95.125,62.14383624,48,0,Nov-16
劲松,朝阳区,-12-,62,2016,95.125,62.14383624,48,0,Dec-16
劲松,朝阳区,-01-,95,2017,95.125,62.14383624,48,0,Jan-17
劲松,朝阳区,-02-,65,2017,95.125,62.14383624,48,0,Feb-17
劲松,朝阳区,-03-,64,2017,95.125,62.14383624,48,0,Mar-17
劲松,朝阳区,-04-,92,2017,95.125,62.14383624,48,0,Apr-17
劲松,朝阳区,-05-,118,2017,95.125,62.14383624,48,0,May-17
劲松,朝阳区,-06-,117,2017,95.125,62.14383624,48,0,Jun-17
劲松,朝阳区,-07-,63,2017,95.125,62.14383624,48,0,Jul-17
劲松,朝阳区,-08-,137,2017,95.125,62.14383624,48,0,Aug-17
劲松,朝阳区,-09-,171,2017,95.125,62.14383624,48,0,Sep-17
劲松,朝阳区,-10-,130,2017,95.125,62.14383624,48,0,Oct-17
劲松,朝阳区,-11-,74,2017,95.125,62.14383624,48,0,Nov-17
劲松,朝阳区,-12-,34,2017,95.125,62.14383624,48,0,Dec-17
劲松,朝阳区,-01-,38,2018,95.125,62.14383624,48,0,Jan-18
劲松,朝阳区,-02-,16,2018,95.125,62.14383624,48,0,Feb-18
劲松,朝阳区,-03-,113,2018,95.125,62.14383624,48,0,Mar-18
劲松,朝阳区,-04-,316,2018,95.125,62.14383624,48,3,Apr-18
劲松,朝阳区,-05-,333,2018,95.125,62.14383624,48,3,May-18
劲松,朝阳区,-06-,171,2018,95.125,62.14383624,48,0,Jun-18
劲松,朝阳区,-07-,127,2018,95.125,62.14383624,48,0,Jul-18
劲松,朝阳区,-08-,143,2018,95.125,62.14383624,48,0,Aug-18
劲松,朝阳区,-09-,150,2018,95.125,62.14383624,48,0,Sep-18
劲松,朝阳区,-10-,109,2018,95.125,62.14383624,48,0,Oct-18
劲松,朝阳区,-11-,68,2018,95.125,62.14383624,48,0,Nov-18
劲松,朝阳区,-12-,40,2018,95.125,62.14383624,48,0,Dec-18
酒仙桥,朝阳区,-01-,39,2015,120.9791667,68.02862025,48,0,Jan-15
酒仙桥,朝阳区,-02-,100,2015,120.9791667,68.02862025,48,0,Feb-15
酒仙桥,朝阳区,-03-,115,2015,120.9791667,68.02862025,48,0,Mar-15
酒仙桥,朝阳区,-04-,67,2015,120.9791667,68.02862025,48,0,Apr-15
酒仙桥,朝阳区,-05-,45,2015,120.9791667,68.02862025,48,0,May-15
酒仙桥,朝阳区,-06-,59,2015,120.9791667,68.02862025,48,0,Jun-15
酒仙桥,朝阳区,-07-,70,2015,120.9791667,68.02862025,48,0,Jul-15
酒仙桥,朝阳区,-08-,96,2015,120.9791667,68.02862025,48,0,Aug-15
酒仙桥,朝阳区,-09-,48,2015,120.9791667,68.02862025,48,0,Sep-15
酒仙桥,朝阳区,-10-,41,2015,120.9791667,68.02862025,48,0,Oct-15
酒仙桥,朝阳区,-11-,38,2015,120.9791667,68.02862025,48,0,Nov-15
酒仙桥,朝阳区,-12-,31,2015,120.9791667,68.02862025,48,0,Dec-15
酒仙桥,朝阳区,-01-,40,2016,120.9791667,68.02862025,48,0,Jan-16
酒仙桥,朝阳区,-02-,61,2016,120.9791667,68.02862025,48,0,Feb-16
酒仙桥,朝阳区,-03-,81,2016,120.9791667,68.02862025,48,0,Mar-16
酒仙桥,朝阳区,-04-,65,2016,120.9791667,68.02862025,48,0,Apr-16
酒仙桥,朝阳区,-05-,50,2016,120.9791667,68.02862025,48,0,May-16
酒仙桥,朝阳区,-06-,63,2016,120.9791667,68.02862025,48,0,Jun-16
酒仙桥,朝阳区,-07-,44,2016,120.9791667,68.02862025,48,0,Jul-16
酒仙桥,朝阳区,-08-,33,2016,120.9791667,68.02862025,48,0,Aug-16
酒仙桥,朝阳区,-09-,150,2016,120.9791667,68.02862025,48,0,Sep-16
酒仙桥,朝阳区,-10-,113,2016,120.9791667,68.02862025,48,0,Oct-16
酒仙桥,朝阳区,-11-,177,2016,120.9791667,68.02862025,48,0,Nov-16
酒仙桥,朝阳区,-12-,115,2016,120.9791667,68.02862025,48,0,Dec-16
酒仙桥,朝阳区,-01-,146,2017,120.9791667,68.02862025,48,0,Jan-17
酒仙桥,朝阳区,-02-,136,2017,120.9791667,68.02862025,48,0,Feb-17
酒仙桥,朝阳区,-03-,176,2017,120.9791667,68.02862025,48,0,Mar-17
酒仙桥,朝阳区,-04-,143,2017,120.9791667,68.02862025,48,0,Apr-17
酒仙桥,朝阳区,-05-,141,2017,120.9791667,68.02862025,48,0,May-17
酒仙桥,朝阳区,-06-,158,2017,120.9791667,68.02862025,48,0,Jun-17
酒仙桥,朝阳区,-07-,106,2017,120.9791667,68.02862025,48,0,Jul-17
酒仙桥,朝阳区,-08-,82,2017,120.9791667,68.02862025,48,0,Aug-17
酒仙桥,朝阳区,-09-,144,2017,120.9791667,68.02862025,48,0,Sep-17
酒仙桥,朝阳区,-10-,248,2017,120.9791667,68.02862025,48,0,Oct-17
酒仙桥,朝阳区,-11-,207,2017,120.9791667,68.02862025,48,0,Nov-17
酒仙桥,朝阳区,-12-,120,2017,120.9791667,68.02862025,48,0,Dec-17
酒仙桥,朝阳区,-01-,97,2018,120.9791667,68.02862025,48,0,Jan-18
酒仙桥,朝阳区,-02-,77,2018,120.9791667,68.02862025,48,0,Feb-18
酒仙桥,朝阳区,-03-,159,2018,120.9791667,68.02862025,48,0,Mar-18
酒仙桥,朝阳区,-04-,176,2018,120.9791667,68.02862025,48,0,Apr-18
酒仙桥,朝阳区,-05-,246,2018,120.9791667,68.02862025,48,0,May-18
酒仙桥,朝阳区,-06-,266,2018,120.9791667,68.02862025,48,2,Jun-18
酒仙桥,朝阳区,-07-,242,2018,120.9791667,68.02862025,48,0,Jul-18
酒仙桥,朝阳区,-08-,227,2018,120.9791667,68.02862025,48,0,Aug-18
酒仙桥,朝阳区,-09-,235,2018,120.9791667,68.02862025,48,0,Sep-18
酒仙桥,朝阳区,-10-,213,2018,120.9791667,68.02862025,48,0,Oct-18
酒仙桥,朝阳区,-11-,180,2018,120.9791667,68.02862025,48,0,Nov-18
酒仙桥,朝阳区,-12-,141,2018,120.9791667,68.02862025,48,0,Dec-18
六里屯,朝阳区,-01-,38,2015,136.0833333,61.68617671,48,0,Jan-15
六里屯,朝阳区,-02-,49,2015,136.0833333,61.68617671,48,0,Feb-15
六里屯,朝阳区,-03-,61,2015,136.0833333,61.68617671,48,0,Mar-15
六里屯,朝阳区,-04-,97,2015,136.0833333,61.68617671,48,0,Apr-15
六里屯,朝阳区,-05-,72,2015,136.0833333,61.68617671,48,0,May-15
六里屯,朝阳区,-06-,49,2015,136.0833333,61.68617671,48,0,Jun-15
六里屯,朝阳区,-07-,19,2015,136.0833333,61.68617671,48,0,Jul-15
六里屯,朝阳区,-08-,87,2015,136.0833333,61.68617671,48,0,Aug-15
六里屯,朝阳区,-09-,69,2015,136.0833333,61.68617671,48,0,Sep-15
六里屯,朝阳区,-10-,85,2015,136.0833333,61.68617671,48,0,Oct-15
六里屯,朝阳区,-11-,68,2015,136.0833333,61.68617671,48,0,Nov-15
六里屯,朝阳区,-12-,60,2015,136.0833333,61.68617671,48,0,Dec-15
六里屯,朝阳区,-01-,74,2016,136.0833333,61.68617671,48,0,Jan-16
六里屯,朝阳区,-02-,95,2016,136.0833333,61.68617671,48,0,Feb-16
六里屯,朝阳区,-03-,152,2016,136.0833333,61.68617671,48,0,Mar-16
六里屯,朝阳区,-04-,151,2016,136.0833333,61.68617671,48,0,Apr-16
六里屯,朝阳区,-05-,186,2016,136.0833333,61.68617671,48,0,May-16
六里屯,朝阳区,-06-,209,2016,136.0833333,61.68617671,48,0,Jun-16
六里屯,朝阳区,-07-,182,2016,136.0833333,61.68617671,48,0,Jul-16
六里屯,朝阳区,-08-,148,2016,136.0833333,61.68617671,48,0,Aug-16
六里屯,朝阳区,-09-,125,2016,136.0833333,61.68617671,48,0,Sep-16
六里屯,朝阳区,-10-,44,2016,136.0833333,61.68617671,48,0,Oct-16
六里屯,朝阳区,-11-,235,2016,136.0833333,61.68617671,48,0,Nov-16
六里屯,朝阳区,-12-,259,2016,136.0833333,61.68617671,48,2,Dec-16
六里屯,朝阳区,-01-,223,2017,136.0833333,61.68617671,48,0,Jan-17
六里屯,朝阳区,-02-,157,2017,136.0833333,61.68617671,48,0,Feb-17
六里屯,朝阳区,-03-,170,2017,136.0833333,61.68617671,48,0,Mar-17
六里屯,朝阳区,-04-,154,2017,136.0833333,61.68617671,48,0,Apr-17
六里屯,朝阳区,-05-,213,2017,136.0833333,61.68617671,48,0,May-17
六里屯,朝阳区,-06-,233,2017,136.0833333,61.68617671,48,0,Jun-17
六里屯,朝阳区,-07-,156,2017,136.0833333,61.68617671,48,0,Jul-17
六里屯,朝阳区,-08-,137,2017,136.0833333,61.68617671,48,0,Aug-17
六里屯,朝阳区,-09-,169,2017,136.0833333,61.68617671,48,0,Sep-17
六里屯,朝阳区,-10-,176,2017,136.0833333,61.68617671,48,0,Oct-17
六里屯,朝阳区,-11-,215,2017,136.0833333,61.68617671,48,0,Nov-17
六里屯,朝阳区,-12-,196,2017,136.0833333,61.68617671,48,0,Dec-17
六里屯,朝阳区,-01-,173,2018,136.0833333,61.68617671,48,0,Jan-18
六里屯,朝阳区,-02-,130,2018,136.0833333,61.68617671,48,0,Feb-18
六里屯,朝阳区,-03-,137,2018,136.0833333,61.68617671,48,0,Mar-18
六里屯,朝阳区,-04-,200,2018,136.0833333,61.68617671,48,0,Apr-18
六里屯,朝阳区,-05-,205,2018,136.0833333,61.68617671,48,0,May-18
六里屯,朝阳区,-06-,121,2018,136.0833333,61.68617671,48,0,Jun-18
六里屯,朝阳区,-07-,89,2018,136.0833333,61.68617671,48,0,Jul-18
六里屯,朝阳区,-08-,89,2018,136.0833333,61.68617671,48,0,Aug-18
六里屯,朝阳区,-09-,113,2018,136.0833333,61.68617671,48,0,Sep-18
六里屯,朝阳区,-10-,146,2018,136.0833333,61.68617671,48,0,Oct-18
六里屯,朝阳区,-11-,106,2018,136.0833333,61.68617671,48,0,Nov-18
六里屯,朝阳区,-12-,210,2018,136.0833333,61.68617671,48,0,Dec-18
卢沟桥乡,丰台区,-01-,19,2015,93,80.32646155,48,0,Jan-15
卢沟桥乡,丰台区,-02-,18,2015,93,80.32646155,48,0,Feb-15
卢沟桥乡,丰台区,-03-,31,2015,93,80.32646155,48,0,Mar-15
卢沟桥乡,丰台区,-04-,36,2015,93,80.32646155,48,0,Apr-15
卢沟桥乡,丰台区,-05-,27,2015,93,80.32646155,48,0,May-15
卢沟桥乡,丰台区,-06-,22,2015,93,80.32646155,48,0,Jun-15
卢沟桥乡,丰台区,-07-,77,2015,93,80.32646155,48,0,Jul-15
卢沟桥乡,丰台区,-08-,42,2015,93,80.32646155,48,0,Aug-15
卢沟桥乡,丰台区,-09-,48,2015,93,80.32646155,48,0,Sep-15
卢沟桥乡,丰台区,-10-,40,2015,93,80.32646155,48,0,Oct-15
卢沟桥乡,丰台区,-11-,32,2015,93,80.32646155,48,0,Nov-15
卢沟桥乡,丰台区,-12-,30,2015,93,80.32646155,48,0,Dec-15
卢沟桥乡,丰台区,-01-,15,2016,93,80.32646155,48,0,Jan-16
卢沟桥乡,丰台区,-02-,8,2016,93,80.32646155,48,0,Feb-16
卢沟桥乡,丰台区,-03-,30,2016,93,80.32646155,48,0,Mar-16
卢沟桥乡,丰台区,-04-,26,2016,93,80.32646155,48,0,Apr-16
卢沟桥乡,丰台区,-05-,33,2016,93,80.32646155,48,0,May-16
卢沟桥乡,丰台区,-06-,18,2016,93,80.32646155,48,0,Jun-16
卢沟桥乡,丰台区,-07-,44,2016,93,80.32646155,48,0,Jul-16
卢沟桥乡,丰台区,-08-,70,2016,93,80.32646155,48,0,Aug-16
卢沟桥乡,丰台区,-09-,35,2016,93,80.32646155,48,0,Sep-16
卢沟桥乡,丰台区,-10-,40,2016,93,80.32646155,48,0,Oct-16
卢沟桥乡,丰台区,-11-,49,2016,93,80.32646155,48,0,Nov-16
卢沟桥乡,丰台区,-12-,319,2016,93,80.32646155,48,2,Dec-16
卢沟桥乡,丰台区,-01-,67,2017,93,80.32646155,48,0,Jan-17
卢沟桥乡,丰台区,-02-,32,2017,93,80.32646155,48,0,Feb-17
卢沟桥乡,丰台区,-03-,58,2017,93,80.32646155,48,0,Mar-17
卢沟桥乡,丰台区,-04-,62,2017,93,80.32646155,48,0,Apr-17
卢沟桥乡,丰台区,-05-,89,2017,93,80.32646155,48,0,May-17
卢沟桥乡,丰台区,-06-,282,2017,93,80.32646155,48,2,Jun-17
卢沟桥乡,丰台区,-07-,294,2017,93,80.32646155,48,2,Jul-17
卢沟桥乡,丰台区,-08-,209,2017,93,80.32646155,48,0,Aug-17
卢沟桥乡,丰台区,-09-,205,2017,93,80.32646155,48,0,Sep-17
卢沟桥乡,丰台区,-10-,190,2017,93,80.32646155,48,0,Oct-17
卢沟桥乡,丰台区,-11-,197,2017,93,80.32646155,48,0,Nov-17
卢沟桥乡,丰台区,-12-,215,2017,93,80.32646155,48,0,Dec-17
卢沟桥乡,丰台区,-01-,167,2018,93,80.32646155,48,0,Jan-18
卢沟桥乡,丰台区,-02-,121,2018,93,80.32646155,48,0,Feb-18
卢沟桥乡,丰台区,-03-,157,2018,93,80.32646155,48,0,Mar-18
卢沟桥乡,丰台区,-04-,151,2018,93,80.32646155,48,0,Apr-18
卢沟桥乡,丰台区,-05-,171,2018,93,80.32646155,48,0,May-18
卢沟桥乡,丰台区,-06-,87,2018,93,80.32646155,48,0,Jun-18
卢沟桥乡,丰台区,-07-,93,2018,93,80.32646155,48,0,Jul-18
卢沟桥乡,丰台区,-08-,124,2018,93,80.32646155,48,0,Aug-18
卢沟桥乡,丰台区,-09-,120,2018,93,80.32646155,48,0,Sep-18
卢沟桥乡,丰台区,-10-,112,2018,93,80.32646155,48,0,Oct-18
卢沟桥乡,丰台区,-11-,97,2018,93,80.32646155,48,0,Nov-18
卢沟桥乡,丰台区,-12-,55,2018,93,80.32646155,48,0,Dec-18
南磨房,朝阳区,-01-,63,2015,69.64583333,61.60736678,48,0,Jan-15
南磨房,朝阳区,-02-,114,2015,69.64583333,61.60736678,48,0,Feb-15
南磨房,朝阳区,-03-,94,2015,69.64583333,61.60736678,48,0,Mar-15
南磨房,朝阳区,-04-,244,2015,69.64583333,61.60736678,48,2,Apr-15
南磨房,朝阳区,-05-,190,2015,69.64583333,61.60736678,48,0,May-15
南磨房,朝阳区,-06-,96,2015,69.64583333,61.60736678,48,0,Jun-15
南磨房,朝阳区,-07-,101,2015,69.64583333,61.60736678,48,0,Jul-15
南磨房,朝阳区,-08-,135,2015,69.64583333,61.60736678,48,0,Aug-15
南磨房,朝阳区,-09-,181,2015,69.64583333,61.60736678,48,0,Sep-15
南磨房,朝阳区,-10-,187,2015,69.64583333,61.60736678,48,0,Oct-15
南磨房,朝阳区,-11-,96,2015,69.64583333,61.60736678,48,0,Nov-15
南磨房,朝阳区,-12-,73,2015,69.64583333,61.60736678,48,0,Dec-15
南磨房,朝阳区,-01-,71,2016,69.64583333,61.60736678,48,0,Jan-16
南磨房,朝阳区,-02-,35,2016,69.64583333,61.60736678,48,0,Feb-16
南磨房,朝阳区,-03-,54,2016,69.64583333,61.60736678,48,0,Mar-16
南磨房,朝阳区,-04-,53,2016,69.64583333,61.60736678,48,0,Apr-16
南磨房,朝阳区,-05-,46,2016,69.64583333,61.60736678,48,0,May-16
南磨房,朝阳区,-06-,41,2016,69.64583333,61.60736678,48,0,Jun-16
南磨房,朝阳区,-07-,33,2016,69.64583333,61.60736678,48,0,Jul-16
南磨房,朝阳区,-08-,21,2016,69.64583333,61.60736678,48,0,Aug-16
南磨房,朝阳区,-09-,35,2016,69.64583333,61.60736678,48,0,Sep-16
南磨房,朝阳区,-10-,14,2016,69.64583333,61.60736678,48,0,Oct-16
南磨房,朝阳区,-11-,4,2016,69.64583333,61.60736678,48,0,Nov-16
南磨房,朝阳区,-12-,4,2016,69.64583333,61.60736678,48,0,Dec-16
南磨房,朝阳区,-01-,11,2017,69.64583333,61.60736678,48,0,Jan-17
南磨房,朝阳区,-02-,18,2017,69.64583333,61.60736678,48,0,Feb-17
南磨房,朝阳区,-03-,19,2017,69.64583333,61.60736678,48,0,Mar-17
南磨房,朝阳区,-04-,49,2017,69.64583333,61.60736678,48,0,Apr-17
南磨房,朝阳区,-05-,66,2017,69.64583333,61.60736678,48,0,May-17
南磨房,朝阳区,-06-,32,2017,69.64583333,61.60736678,48,0,Jun-17
南磨房,朝阳区,-07-,36,2017,69.64583333,61.60736678,48,0,Jul-17
南磨房,朝阳区,-08-,34,2017,69.64583333,61.60736678,48,0,Aug-17
南磨房,朝阳区,-09-,68,2017,69.64583333,61.60736678,48,0,Sep-17
南磨房,朝阳区,-10-,51,2017,69.64583333,61.60736678,48,0,Oct-17
南磨房,朝阳区,-11-,55,2017,69.64583333,61.60736678,48,0,Nov-17
南磨房,朝阳区,-12-,50,2017,69.64583333,61.60736678,48,0,Dec-17
南磨房,朝阳区,-01-,58,2018,69.64583333,61.60736678,48,0,Jan-18
南磨房,朝阳区,-02-,41,2018,69.64583333,61.60736678,48,0,Feb-18
南磨房,朝阳区,-03-,58,2018,69.64583333,61.60736678,48,0,Mar-18
南磨房,朝阳区,-04-,65,2018,69.64583333,61.60736678,48,0,Apr-18
南磨房,朝阳区,-05-,300,2018,69.64583333,61.60736678,48,3,May-18
南磨房,朝阳区,-06-,119,2018,69.64583333,61.60736678,48,0,Jun-18
南磨房,朝阳区,-07-,75,2018,69.64583333,61.60736678,48,0,Jul-18
南磨房,朝阳区,-08-,23,2018,69.64583333,61.60736678,48,0,Aug-18
南磨房,朝阳区,-09-,28,2018,69.64583333,61.60736678,48,0,Sep-18
南磨房,朝阳区,-10-,34,2018,69.64583333,61.60736678,48,0,Oct-18
南磨房,朝阳区,-11-,27,2018,69.64583333,61.60736678,48,0,Nov-18
南磨房,朝阳区,-12-,41,2018,69.64583333,61.60736678,48,0,Dec-18
曙光,海淀区,-01-,64,2015,107.0625,103.0856711,48,0,Jan-15
曙光,海淀区,-02-,61,2015,107.0625,103.0856711,48,0,Feb-15
曙光,海淀区,-03-,109,2015,107.0625,103.0856711,48,0,Mar-15
曙光,海淀区,-04-,115,2015,107.0625,103.0856711,48,0,Apr-15
曙光,海淀区,-05-,74,2015,107.0625,103.0856711,48,0,May-15
曙光,海淀区,-06-,91,2015,107.0625,103.0856711,48,0,Jun-15
曙光,海淀区,-07-,94,2015,107.0625,103.0856711,48,0,Jul-15
曙光,海淀区,-08-,139,2015,107.0625,103.0856711,48,0,Aug-15
曙光,海淀区,-09-,135,2015,107.0625,103.0856711,48,0,Sep-15
曙光,海淀区,-10-,21,2015,107.0625,103.0856711,48,0,Oct-15
曙光,海淀区,-11-,9,2015,107.0625,103.0856711,48,0,Nov-15
曙光,海淀区,-12-,3,2015,107.0625,103.0856711,48,0,Dec-15
曙光,海淀区,-01-,4,2016,107.0625,103.0856711,48,0,Jan-16
曙光,海淀区,-02-,2,2016,107.0625,103.0856711,48,0,Feb-16
曙光,海淀区,-03-,1,2016,107.0625,103.0856711,48,0,Mar-16
曙光,海淀区,-04-,4,2016,107.0625,103.0856711,48,0,Apr-16
曙光,海淀区,-05-,12,2016,107.0625,103.0856711,48,0,May-16
曙光,海淀区,-06-,6,2016,107.0625,103.0856711,48,0,Jun-16
曙光,海淀区,-07-,21,2016,107.0625,103.0856711,48,0,Jul-16
曙光,海淀区,-08-,41,2016,107.0625,103.0856711,48,0,Aug-16
曙光,海淀区,-09-,38,2016,107.0625,103.0856711,48,0,Sep-16
曙光,海淀区,-10-,25,2016,107.0625,103.0856711,48,0,Oct-16
曙光,海淀区,-11-,24,2016,107.0625,103.0856711,48,0,Nov-16
曙光,海淀区,-12-,34,2016,107.0625,103.0856711,48,0,Dec-16
曙光,海淀区,-01-,55,2017,107.0625,103.0856711,48,0,Jan-17
曙光,海淀区,-02-,48,2017,107.0625,103.0856711,48,0,Feb-17
曙光,海淀区,-03-,54,2017,107.0625,103.0856711,48,0,Mar-17
曙光,海淀区,-04-,46,2017,107.0625,103.0856711,48,0,Apr-17
曙光,海淀区,-05-,39,2017,107.0625,103.0856711,48,0,May-17
曙光,海淀区,-06-,56,2017,107.0625,103.0856711,48,0,Jun-17
曙光,海淀区,-07-,62,2017,107.0625,103.0856711,48,0,Jul-17
曙光,海淀区,-08-,72,2017,107.0625,103.0856711,48,0,Aug-17
曙光,海淀区,-09-,113,2017,107.0625,103.0856711,48,0,Sep-17
曙光,海淀区,-10-,97,2017,107.0625,103.0856711,48,0,Oct-17
曙光,海淀区,-11-,122,2017,107.0625,103.0856711,48,0,Nov-17
曙光,海淀区,-12-,108,2017,107.0625,103.0856711,48,0,Dec-17
曙光,海淀区,-01-,192,2018,107.0625,103.0856711,48,0,Jan-18
曙光,海淀区,-02-,138,2018,107.0625,103.0856711,48,0,Feb-18
曙光,海淀区,-03-,190,2018,107.0625,103.0856711,48,0,Mar-18
曙光,海淀区,-04-,218,2018,107.0625,103.0856711,48,0,Apr-18
曙光,海淀区,-05-,268,2018,107.0625,103.0856711,48,0,May-18
曙光,海淀区,-06-,259,2018,107.0625,103.0856711,48,0,Jun-18
曙光,海淀区,-07-,309,2018,107.0625,103.0856711,48,0,Jul-18
曙光,海淀区,-08-,302,2018,107.0625,103.0856711,48,0,Aug-18
曙光,海淀区,-09-,355,2018,107.0625,103.0856711,48,2,Sep-18
曙光,海淀区,-10-,241,2018,107.0625,103.0856711,48,0,Oct-18
曙光,海淀区,-11-,383,2018,107.0625,103.0856711,48,2,Nov-18
曙光,海淀区,-12-,285,2018,107.0625,103.0856711,48,0,Dec-18
西长安街,西城区,-01-,15,2015,927.6875,939.9854493,48,0,Jan-15
西长安街,西城区,-02-,6,2015,927.6875,939.9854493,48,0,Feb-15
西长安街,西城区,-03-,17,2015,927.6875,939.9854493,48,0,Mar-15
西长安街,西城区,-04-,18,2015,927.6875,939.9854493,48,0,Apr-15
西长安街,西城区,-05-,15,2015,927.6875,939.9854493,48,0,May-15
西长安街,西城区,-06-,20,2015,927.6875,939.9854493,48,0,Jun-15
西长安街,西城区,-07-,15,2015,927.6875,939.9854493,48,0,Jul-15
西长安街,西城区,-08-,21,2015,927.6875,939.9854493,48,0,Aug-15
西长安街,西城区,-09-,18,2015,927.6875,939.9854493,48,0,Sep-15
西长安街,西城区,-10-,39,2015,927.6875,939.9854493,48,0,Oct-15
西长安街,西城区,-11-,26,2015,927.6875,939.9854493,48,0,Nov-15
西长安街,西城区,-12-,32,2015,927.6875,939.9854493,48,0,Dec-15
西长安街,西城区,-01-,30,2016,927.6875,939.9854493,48,0,Jan-16
西长安街,西城区,-02-,11,2016,927.6875,939.9854493,48,0,Feb-16
西长安街,西城区,-03-,56,2016,927.6875,939.9854493,48,0,Mar-16
西长安街,西城区,-04-,90,2016,927.6875,939.9854493,48,0,Apr-16
西长安街,西城区,-05-,137,2016,927.6875,939.9854493,48,0,May-16
西长安街,西城区,-06-,317,2016,927.6875,939.9854493,48,0,Jun-16
西长安街,西城区,-07-,439,2016,927.6875,939.9854493,48,0,Jul-16
西长安街,西城区,-08-,437,2016,927.6875,939.9854493,48,0,Aug-16
西长安街,西城区,-09-,560,2016,927.6875,939.9854493,48,0,Sep-16
西长安街,西城区,-10-,543,2016,927.6875,939.9854493,48,0,Oct-16
西长安街,西城区,-11-,699,2016,927.6875,939.9854493,48,0,Nov-16
西长安街,西城区,-12-,767,2016,927.6875,939.9854493,48,0,Dec-16
西长安街,西城区,-01-,1002,2017,927.6875,939.9854493,48,0,Jan-17
西长安街,西城区,-02-,1001,2017,927.6875,939.9854493,48,0,Feb-17
西长安街,西城区,-03-,1129,2017,927.6875,939.9854493,48,0,Mar-17
西长安街,西城区,-04-,921,2017,927.6875,939.9854493,48,0,Apr-17
西长安街,西城区,-05-,906,2017,927.6875,939.9854493,48,0,May-17
西长安街,西城区,-06-,830,2017,927.6875,939.9854493,48,0,Jun-17
西长安街,西城区,-07-,882,2017,927.6875,939.9854493,48,0,Jul-17
西长安街,西城区,-08-,906,2017,927.6875,939.9854493,48,0,Aug-17
西长安街,西城区,-09-,1077,2017,927.6875,939.9854493,48,0,Sep-17
西长安街,西城区,-10-,1205,2017,927.6875,939.9854493,48,0,Oct-17
西长安街,西城区,-11-,1147,2017,927.6875,939.9854493,48,0,Nov-17
西长安街,西城区,-12-,1364,2017,927.6875,939.9854493,48,0,Dec-17
西长安街,西城区,-01-,1439,2018,927.6875,939.9854493,48,0,Jan-18
西长安街,西城区,-02-,1706,2018,927.6875,939.9854493,48,0,Feb-18
西长安街,西城区,-03-,1979,2018,927.6875,939.9854493,48,0,Mar-18
西长安街,西城区,-04-,1706,2018,927.6875,939.9854493,48,0,Apr-18
西长安街,西城区,-05-,2459,2018,927.6875,939.9854493,48,0,May-18
西长安街,西城区,-06-,2211,2018,927.6875,939.9854493,48,0,Jun-18
西长安街,西城区,-07-,2381,2018,927.6875,939.9854493,48,0,Jul-18
西长安街,西城区,-08-,2368,2018,927.6875,939.9854493,48,0,Aug-18
西长安街,西城区,-09-,2833,2018,927.6875,939.9854493,48,2,Sep-18
西长安街,西城区,-10-,3073,2018,927.6875,939.9854493,48,2,Oct-18
西长安街,西城区,-11-,2776,2018,927.6875,939.9854493,48,2,Nov-18
西长安街,西城区,-12-,2900,2018,927.6875,939.9854493,48,2,Dec-18
香河园,朝阳区,-01-,64,2015,159.25,170.2905527,48,0,Jan-15
香河园,朝阳区,-02-,85,2015,159.25,170.2905527,48,0,Feb-15
香河园,朝阳区,-03-,121,2015,159.25,170.2905527,48,0,Mar-15
香河园,朝阳区,-04-,86,2015,159.25,170.2905527,48,0,Apr-15
香河园,朝阳区,-05-,53,2015,159.25,170.2905527,48,0,May-15
香河园,朝阳区,-06-,26,2015,159.25,170.2905527,48,0,Jun-15
香河园,朝阳区,-07-,32,2015,159.25,170.2905527,48,0,Jul-15
香河园,朝阳区,-08-,57,2015,159.25,170.2905527,48,0,Aug-15
香河园,朝阳区,-09-,34,2015,159.25,170.2905527,48,0,Sep-15
香河园,朝阳区,-10-,43,2015,159.25,170.2905527,48,0,Oct-15
香河园,朝阳区,-11-,59,2015,159.25,170.2905527,48,0,Nov-15
香河园,朝阳区,-12-,62,2015,159.25,170.2905527,48,0,Dec-15
香河园,朝阳区,-01-,61,2016,159.25,170.2905527,48,0,Jan-16
香河园,朝阳区,-02-,113,2016,159.25,170.2905527,48,0,Feb-16
香河园,朝阳区,-03-,122,2016,159.25,170.2905527,48,0,Mar-16
香河园,朝阳区,-04-,75,2016,159.25,170.2905527,48,0,Apr-16
香河园,朝阳区,-05-,73,2016,159.25,170.2905527,48,0,May-16
香河园,朝阳区,-06-,105,2016,159.25,170.2905527,48,0,Jun-16
香河园,朝阳区,-07-,50,2016,159.25,170.2905527,48,0,Jul-16
香河园,朝阳区,-08-,61,2016,159.25,170.2905527,48,0,Aug-16
香河园,朝阳区,-09-,91,2016,159.25,170.2905527,48,0,Sep-16
香河园,朝阳区,-10-,53,2016,159.25,170.2905527,48,0,Oct-16
香河园,朝阳区,-11-,88,2016,159.25,170.2905527,48,0,Nov-16
香河园,朝阳区,-12-,78,2016,159.25,170.2905527,48,0,Dec-16
香河园,朝阳区,-01-,44,2017,159.25,170.2905527,48,0,Jan-17
香河园,朝阳区,-02-,41,2017,159.25,170.2905527,48,0,Feb-17
香河园,朝阳区,-03-,53,2017,159.25,170.2905527,48,0,Mar-17
香河园,朝阳区,-04-,67,2017,159.25,170.2905527,48,0,Apr-17
香河园,朝阳区,-05-,81,2017,159.25,170.2905527,48,0,May-17
香河园,朝阳区,-06-,107,2017,159.25,170.2905527,48,0,Jun-17
香河园,朝阳区,-07-,101,2017,159.25,170.2905527,48,0,Jul-17
香河园,朝阳区,-08-,95,2017,159.25,170.2905527,48,0,Aug-17
香河园,朝阳区,-09-,152,2017,159.25,170.2905527,48,0,Sep-17
香河园,朝阳区,-10-,186,2017,159.25,170.2905527,48,0,Oct-17
香河园,朝阳区,-11-,132,2017,159.25,170.2905527,48,0,Nov-17
香河园,朝阳区,-12-,153,2017,159.25,170.2905527,48,0,Dec-17
香河园,朝阳区,-01-,101,2018,159.25,170.2905527,48,0,Jan-18
香河园,朝阳区,-02-,87,2018,159.25,170.2905527,48,0,Feb-18
香河园,朝阳区,-03-,179,2018,159.25,170.2905527,48,0,Mar-18
香河园,朝阳区,-04-,325,2018,159.25,170.2905527,48,0,Apr-18
香河园,朝阳区,-05-,363,2018,159.25,170.2905527,48,0,May-18
香河园,朝阳区,-06-,399,2018,159.25,170.2905527,48,0,Jun-18
香河园,朝阳区,-07-,400,2018,159.25,170.2905527,48,0,Jul-18
香河园,朝阳区,-08-,512,2018,159.25,170.2905527,48,2,Aug-18
香河园,朝阳区,-09-,566,2018,159.25,170.2905527,48,2,Sep-18
香河园,朝阳区,-10-,714,2018,159.25,170.2905527,48,3,Oct-18
香河园,朝阳区,-11-,563,2018,159.25,170.2905527,48,2,Nov-18
香河园,朝阳区,-12-,531,2018,159.25,170.2905527,48,2,Dec-18
亚运村,朝阳区,-01-,112,2015,261.4791667,189.7982119,48,0,Jan-15
亚运村,朝阳区,-02-,158,2015,261.4791667,189.7982119,48,0,Feb-15
亚运村,朝阳区,-03-,219,2015,261.4791667,189.7982119,48,0,Mar-15
亚运村,朝阳区,-04-,203,2015,261.4791667,189.7982119,48,0,Apr-15
亚运村,朝阳区,-05-,132,2015,261.4791667,189.7982119,48,0,May-15
亚运村,朝阳区,-06-,112,2015,261.4791667,189.7982119,48,0,Jun-15
亚运村,朝阳区,-07-,82,2015,261.4791667,189.7982119,48,0,Jul-15
亚运村,朝阳区,-08-,103,2015,261.4791667,189.7982119,48,0,Aug-15
亚运村,朝阳区,-09-,82,2015,261.4791667,189.7982119,48,0,Sep-15
亚运村,朝阳区,-10-,117,2015,261.4791667,189.7982119,48,0,Oct-15
亚运村,朝阳区,-11-,96,2015,261.4791667,189.7982119,48,0,Nov-15
亚运村,朝阳区,-12-,87,2015,261.4791667,189.7982119,48,0,Dec-15
亚运村,朝阳区,-01-,196,2016,261.4791667,189.7982119,48,0,Jan-16
亚运村,朝阳区,-02-,227,2016,261.4791667,189.7982119,48,0,Feb-16
亚运村,朝阳区,-03-,53,2016,261.4791667,189.7982119,48,0,Mar-16
亚运村,朝阳区,-04-,18,2016,261.4791667,189.7982119,48,0,Apr-16
亚运村,朝阳区,-05-,9,2016,261.4791667,189.7982119,48,0,May-16
亚运村,朝阳区,-06-,9,2016,261.4791667,189.7982119,48,0,Jun-16
亚运村,朝阳区,-07-,48,2016,261.4791667,189.7982119,48,0,Jul-16
亚运村,朝阳区,-08-,111,2016,261.4791667,189.7982119,48,0,Aug-16
亚运村,朝阳区,-09-,74,2016,261.4791667,189.7982119,48,0,Sep-16
亚运村,朝阳区,-10-,25,2016,261.4791667,189.7982119,48,0,Oct-16
亚运村,朝阳区,-11-,170,2016,261.4791667,189.7982119,48,0,Nov-16
亚运村,朝阳区,-12-,167,2016,261.4791667,189.7982119,48,0,Dec-16
亚运村,朝阳区,-01-,242,2017,261.4791667,189.7982119,48,0,Jan-17
亚运村,朝阳区,-02-,250,2017,261.4791667,189.7982119,48,0,Feb-17
亚运村,朝阳区,-03-,380,2017,261.4791667,189.7982119,48,0,Mar-17
亚运村,朝阳区,-04-,409,2017,261.4791667,189.7982119,48,0,Apr-17
亚运村,朝阳区,-05-,377,2017,261.4791667,189.7982119,48,0,May-17
亚运村,朝阳区,-06-,484,2017,261.4791667,189.7982119,48,0,Jun-17
亚运村,朝阳区,-07-,341,2017,261.4791667,189.7982119,48,0,Jul-17
亚运村,朝阳区,-08-,493,2017,261.4791667,189.7982119,48,0,Aug-17
亚运村,朝阳区,-09-,440,2017,261.4791667,189.7982119,48,0,Sep-17
亚运村,朝阳区,-10-,427,2017,261.4791667,189.7982119,48,0,Oct-17
亚运村,朝阳区,-11-,331,2017,261.4791667,189.7982119,48,0,Nov-17
亚运村,朝阳区,-12-,292,2017,261.4791667,189.7982119,48,0,Dec-17
亚运村,朝阳区,-01-,353,2018,261.4791667,189.7982119,48,0,Jan-18
亚运村,朝阳区,-02-,268,2018,261.4791667,189.7982119,48,0,Feb-18
亚运村,朝阳区,-03-,370,2018,261.4791667,189.7982119,48,0,Mar-18
亚运村,朝阳区,-04-,385,2018,261.4791667,189.7982119,48,0,Apr-18
亚运村,朝阳区,-05-,352,2018,261.4791667,189.7982119,48,0,May-18
亚运村,朝阳区,-06-,358,2018,261.4791667,189.7982119,48,0,Jun-18
亚运村,朝阳区,-07-,358,2018,261.4791667,189.7982119,48,0,Jul-18
亚运村,朝阳区,-08-,420,2018,261.4791667,189.7982119,48,0,Aug-18
亚运村,朝阳区,-09-,407,2018,261.4791667,189.7982119,48,0,Sep-18
亚运村,朝阳区,-10-,605,2018,261.4791667,189.7982119,48,0,Oct-18
亚运村,朝阳区,-11-,747,2018,261.4791667,189.7982119,48,2,Nov-18
亚运村,朝阳区,-12-,852,2018,261.4791667,189.7982119,48,3,Dec-18
月坛,西城区,-01-,202,2015,863.9375,947.0202632,48,0,Jan-15
月坛,西城区,-02-,148,2015,863.9375,947.0202632,48,0,Feb-15
月坛,西城区,-03-,206,2015,863.9375,947.0202632,48,0,Mar-15
月坛,西城区,-04-,161,2015,863.9375,947.0202632,48,0,Apr-15
月坛,西城区,-05-,179,2015,863.9375,947.0202632,48,0,May-15
月坛,西城区,-06-,137,2015,863.9375,947.0202632,48,0,Jun-15
月坛,西城区,-07-,57,2015,863.9375,947.0202632,48,0,Jul-15
月坛,西城区,-08-,131,2015,863.9375,947.0202632,48,0,Aug-15
月坛,西城区,-09-,139,2015,863.9375,947.0202632,48,0,Sep-15
月坛,西城区,-10-,140,2015,863.9375,947.0202632,48,0,Oct-15
月坛,西城区,-11-,76,2015,863.9375,947.0202632,48,0,Nov-15
月坛,西城区,-12-,70,2015,863.9375,947.0202632,48,0,Dec-15
月坛,西城区,-01-,110,2016,863.9375,947.0202632,48,0,Jan-16
月坛,西城区,-02-,75,2016,863.9375,947.0202632,48,0,Feb-16
月坛,西城区,-03-,94,2016,863.9375,947.0202632,48,0,Mar-16
月坛,西城区,-04-,108,2016,863.9375,947.0202632,48,0,Apr-16
月坛,西城区,-05-,100,2016,863.9375,947.0202632,48,0,May-16
月坛,西城区,-06-,159,2016,863.9375,947.0202632,48,0,Jun-16
月坛,西城区,-07-,174,2016,863.9375,947.0202632,48,0,Jul-16
月坛,西城区,-08-,199,2016,863.9375,947.0202632,48,0,Aug-16
月坛,西城区,-09-,233,2016,863.9375,947.0202632,48,0,Sep-16
月坛,西城区,-10-,222,2016,863.9375,947.0202632,48,0,Oct-16
月坛,西城区,-11-,205,2016,863.9375,947.0202632,48,0,Nov-16
月坛,西城区,-12-,216,2016,863.9375,947.0202632,48,0,Dec-16
月坛,西城区,-01-,290,2017,863.9375,947.0202632,48,0,Jan-17
月坛,西城区,-02-,286,2017,863.9375,947.0202632,48,0,Feb-17
月坛,西城区,-03-,433,2017,863.9375,947.0202632,48,0,Mar-17
月坛,西城区,-04-,524,2017,863.9375,947.0202632,48,0,Apr-17
月坛,西城区,-05-,621,2017,863.9375,947.0202632,48,0,May-17
月坛,西城区,-06-,626,2017,863.9375,947.0202632,48,0,Jun-17
月坛,西城区,-07-,977,2017,863.9375,947.0202632,48,0,Jul-17
月坛,西城区,-08-,1068,2017,863.9375,947.0202632,48,0,Aug-17
月坛,西城区,-09-,1146,2017,863.9375,947.0202632,48,0,Sep-17
月坛,西城区,-10-,1285,2017,863.9375,947.0202632,48,0,Oct-17
月坛,西城区,-11-,1197,2017,863.9375,947.0202632,48,0,Nov-17
月坛,西城区,-12-,1323,2017,863.9375,947.0202632,48,0,Dec-17
月坛,西城区,-01-,1927,2018,863.9375,947.0202632,48,0,Jan-18
月坛,西城区,-02-,1776,2018,863.9375,947.0202632,48,0,Feb-18
月坛,西城区,-03-,2059,2018,863.9375,947.0202632,48,0,Mar-18
月坛,西城区,-04-,1878,2018,863.9375,947.0202632,48,0,Apr-18
月坛,西城区,-05-,2610,2018,863.9375,947.0202632,48,0,May-18
月坛,西城区,-06-,2687,2018,863.9375,947.0202632,48,0,Jun-18
月坛,西城区,-07-,2887,2018,863.9375,947.0202632,48,2,Jul-18
月坛,西城区,-08-,2353,2018,863.9375,947.0202632,48,0,Aug-18
月坛,西城区,-09-,2896,2018,863.9375,947.0202632,48,2,Sep-18
月坛,西城区,-10-,2567,2018,863.9375,947.0202632,48,0,Oct-18
月坛,西城区,-11-,2414,2018,863.9375,947.0202632,48,0,Nov-18
月坛,西城区,-12-,2098,2018,863.9375,947.0202632,48,0,Dec-18
